"4","5 ","6 ","7",
"","Comfort Food:Baked Beef Ravioli/Breadstick Mindful: Biryani Chicken Sides: Lemon Pepper Green Beans, Yellow Rice Soup: Veggie Chili, Corn ","Comfort Food: Dijon Chicken Mindful: Baked Herbed Cod Sides: Asparagus, Scalloped Potatoes Soup: Veggie Chili, ","Comfort Food: Spicy Whole Wheat Spaghetti Mindful: Tempura Chicken Stir Fry w/ Rice Sides: Roasted Cauliflower, Spring Roll ","Comfort Food: 3 cheese Penne Mindful: Chicken Marsala Sides: Roasted Vegetables, Mashed potato ",
"10 ","11 ","12 ","13 ","14 ",
"Comfort Food: BBQ Pulled Chicken Sandwich Mindful: Teriyaki Glazed Salmon Sides: Corn, Roasted Potatoes Soup: Tomato Basil, Chicken Tortilla ","Comfort Food: Home Made Beef Meatloaf Mindful: Chicken Picata Sides: Roasted Carrots and Broccoli, Mashed Potatoes Soup: Tomato Basil, Chicken Tortilla ","Comfort Food: Swedish Meatballs w/ Eggnoodles Mindful:Veggie Lo Mein Sides: Roasted Vegetables, Egg roll Soup; Tomato Basil, Chicken Tortilla ","Comfort Food: Chipotle & Orange Grilled Chicken Mindful: Tofu Stir Fry Sides: Lemon Pepper Green Beans, Rice Soup; Tomato Basil, Chicken Tortilla ","Comfort Food: Baked Battered Cod Mindful: Turkey Sloppy Joe Sides: Roasted Brocolini, Roasted Wedge Potatoes Soup: Tomato Basil, Chicken Tortilla ",
"18 ","19 ","20 ","21 ",
"Comfort Food: Chicken Tikka Masala Mindful: Blackened Tilapia Sides: Roasted Cauliflower, Rice Soup: Veggie Chili, Chicken Noodle ","Comfort Food: Baked Chicken Parmesean w/ Pasta Mindful: Turkey Breast Vesuvio Sides: Roasted Zuccini Mashed Potatoes Soup; Veggie Chili, Chicken Noodle ","Comfort Food: Roasted Italian Chicken Thigh Mindful: Maple Chili Glazed Pork Loin Sides: Brocolini, Cous Cous Primavera Soup: Veggie Chili Chicken Noodle ","Comfort Food: Baked Mostaccioli Mindful:Chicken Tinga Sides: Azteca Corn, Mexican Rice Soup: Veggie Chili Chicken Noodle ",
"24 ","25 ","26 ","27 ","28 ",
"Comfort Food:Jerk Chicken Mindful: Dijon Crusted Salmon Sides: Brussel Sprouts, Rice Soup; Tomato Basil, Broccoli ","Comfort Food: Baked Cheese Enchiladas Mindful: Thai Chicken Stir Fry Sides: Roasted Carrots, Cilantro Lime Rice Soup: Tomato Basil ","Comfort Food: Beef and Mushroom Stroganoff w/ Pasta Mindful: Tortilla Crusted Tilapia Sides: Sugar Snap Peas, Orzo Soup: Tomato Basil, ","Comfort Food: Spinach Ravioli with Cream Sauce Mindful: Baked Turkey Meatloaf w/ Turkey Gravy Sides: Satueed Brocolini, Roasted Sweet Potatoes ","Comfort Food: Chopped Steak with Onions Mindful: Chicken w/Country Gravy Sides: Roasted Vegetables, Mashed Potatoes ",
"31 ","","","","",
"Comfort Food: Open faced Pot Roast Sandwich Mindful:Chicken Breast with Bruchetta Sides: Snow Peas, Roasted Red Potatoes Soup; Veggie Chili, Corn Chowder ","","","","",
